"code","descriptor","compcatid","cost","uom","id"
"","13th Month Pay","3DB13DBA636311E5B83800FF59FBB323",999.99,"TRAN","0611C759637011E5B83800FF59FBB323"
"","Marlboro Menthol 10","3E0380D3636311E5B83800FF59FBB323",17.40,"PACK","06156841637011E5B83800FF59FBB323"
"","Lipton Ice tea 1L","3DC1FC28636311E5B83800FF59FBB323",114.29,"PACK","0615D0AA637011E5B83800FF59FBB323"
"","Lipton tea","3DC1FC28636311E5B83800FF59FBB323",3.78,"SACHET","06163FD0637011E5B83800FF59FBB323"
"","Mango Juice","3DC1FC28636311E5B83800FF59FBB323",2.92,"ORDER","061B5CB3637011E5B83800FF59FBB323"
"","Mirinda","3DC1FC28636311E5B83800FF59FBB323",20.50,"CAN","061BC1EB637011E5B83800FF59FBB323"
"","Mountain Dew","3DC1FC28636311E5B83800FF59FBB323",20.50,"CAN","06229D04637011E5B83800FF59FBB323"
"","Mug","3DC1FC28636311E5B83800FF59FBB323",20.50,"CAN","06232D26637011E5B83800FF59FBB323"
"","Nestle Lemonade 1k","3DC1FC28636311E5B83800FF59FBB323",0.00,"KG","06261FD6637011E5B83800FF59FBB323"
"","Orange Juice","3DC1FC28636311E5B83800FF59FBB323",13.30,"ORDER","0626943E637011E5B83800FF59FBB323"
"","Pepsi","3DC1FC28636311E5B83800FF59FBB323",20.50,"CAN","062BFFD1637011E5B83800FF59FBB323"
"","Pepsi 500ml","3DC1FC28636311E5B83800FF59FBB323",19.83,"BOT","062C796C637011E5B83800FF59FBB323"
"","Marlboro Red 10's","3E0380D3636311E5B83800FF59FBB323",27.80,"PACK","062CE497637011E5B83800FF59FBB323"
"","Pepsi Light","3DC1FC28636311E5B83800FF59FBB323",20.50,"CAN","0631FF85637011E5B83800FF59FBB323"
"","Pepsi Max","3DC1FC28636311E5B83800FF59FBB323",20.50,"CAN","063278FF637011E5B83800FF59FBB323"
"","Pineapple Juice","3DC1FC28636311E5B83800FF59FBB323",13.30,"ORDER","06337BDB637011E5B83800FF59FBB323"
"","Royal","3DC1FC28636311E5B83800FF59FBB323",19.33,"CAN","0635A071637011E5B83800FF59FBB323"
"","Royal Dalandan","3DC1FC28636311E5B83800FF59FBB323",18.50,"CAN","0636419B637011E5B83800FF59FBB323"
"","Royal Grapes","3DC1FC28636311E5B83800FF59FBB323",18.50,"CAN","063BA471637011E5B83800FF59FBB323"
"","Sarsi","3DC1FC28636311E5B83800FF59FBB323",18.75,"CAN","063D947A637011E5B83800FF59FBB323"
"","Sarsi Light","3DC1FC28636311E5B83800FF59FBB323",20.42,"CAN","063EE520637011E5B83800FF59FBB323"
"","Sprite","3DC1FC28636311E5B83800FF59FBB323",14.25,"CAN","063FE7BB637011E5B83800FF59FBB323"
"","Sprite 500ml","3DC1FC28636311E5B83800FF59FBB323",16.00,"BOT","064072F5637011E5B83800FF59FBB323"
"","Marlboro Red Local","3E0380D3636311E5B83800FF59FBB323",53.60,"PACK","06410623637011E5B83800FF59FBB323"
"","Sprite Ice","3DC1FC28636311E5B83800FF59FBB323",18.50,"CAN","06456751637011E5B83800FF59FBB323"
"","Sprite Light","3DC1FC28636311E5B83800FF59FBB323",18.50,"CAN","0648B3FC637011E5B83800FF59FBB323"
"","Sprite Zero","3DC1FC28636311E5B83800FF59FBB323",18.50,"CAN","0649446C637011E5B83800FF59FBB323"
"","Upgrade Softdrink","3DC1FC28636311E5B83800FF59FBB323",0.00,"CAN","0649D868637011E5B83800FF59FBB323"
"","Cuervo 1800","3DC6C2CD636311E5B83800FF59FBB323",28.80,"SHOT","064A60F4637011E5B83800FF59FBB323"
"","Cuervo Gold Liter","3DC6C2CD636311E5B83800FF59FBB323",22.73,"SHOT","064AE995637011E5B83800FF59FBB323"
"","Cuervo Gold Regular","3DC6C2CD636311E5B83800FF59FBB323",21.74,"SHOT","064F31EC637011E5B83800FF59FBB323"
"","Don Enrique","3DC6C2CD636311E5B83800FF59FBB323",8.65,"SHOT","064FBEFB637011E5B83800FF59FBB323"
"","Hornitos","3DC6C2CD636311E5B83800FF59FBB323",31.60,"SHOT","0650391C637011E5B83800FF59FBB323"
"","Local Tequila","3DC6C2CD636311E5B83800FF59FBB323",6.52,"SHOT","0650A826637011E5B83800FF59FBB323"
"","Philip Morris","3E0380D3636311E5B83800FF59FBB323",31.00,"PACK","065110E9637011E5B83800FF59FBB323"
"","Pepe Lopez","3DC6C2CD636311E5B83800FF59FBB323",19.80,"SHOT","06518770637011E5B83800FF59FBB323"
"","Pepe Lopez Reg.","3DC6C2CD636311E5B83800FF59FBB323",0.00,"SHOT","0651F94B637011E5B83800FF59FBB323"
"","Tequila Rose","3DC6C2CD636311E5B83800FF59FBB323",22.00,"SHOT","065280C9637011E5B83800FF59FBB323"
"","Tequila Sauza","3DC6C2CD636311E5B83800FF59FBB323",20.80,"SHOT","065671D3637011E5B83800FF59FBB323"
"","Absente","3DC815F8636311E5B83800FF59FBB323",0.00,"SHOT","0656E9AE637011E5B83800FF59FBB323"
"","Absolut Mandarin","3DC815F8636311E5B83800FF59FBB323",0.00,"SHOT","065BF6FA637011E5B83800FF59FBB323"
"","Absolut Vodka Liter","3DC815F8636311E5B83800FF59FBB323",16.67,"SHOT","065C661C637011E5B83800FF59FBB323"
"","Absolut Vodka Reg.","3DC815F8636311E5B83800FF59FBB323",18.40,"SHOT","065CDC7D637011E5B83800FF59FBB323"
"","Antonov Vodka","3DC815F8636311E5B83800FF59FBB323",84.00,"SHOT","06614017637011E5B83800FF59FBB323"
"","Arkan Melon","3DC815F8636311E5B83800FF59FBB323",35.00,"SHOT","0661B20F637011E5B83800FF59FBB323"
"","Cooking Oil","3E0B9B71636311E5B83800FF59FBB323",57.47,"LT","06621B29637011E5B83800FF59FBB323"
"","Arkan Vodka","3DC815F8636311E5B83800FF59FBB323",35.00,"SHOT","06676555637011E5B83800FF59FBB323"
"","Artic Melon Regular","3DC815F8636311E5B83800FF59FBB323",24.00,"SHOT","0668B836637011E5B83800FF59FBB323"
"","Citron Liter","3DC815F8636311E5B83800FF59FBB323",31.52,"SHOT","0669F18C637011E5B83800FF59FBB323"
"","Citron Regular","3DC815F8636311E5B83800FF59FBB323",32.80,"SHOT","066B2419637011E5B83800FF59FBB323"
"","Citron Vodka","3DC815F8636311E5B83800FF59FBB323",28.94,"SHOT","066C104C637011E5B83800FF59FBB323"
"","Kurant Liter","3DC815F8636311E5B83800FF59FBB323",21.21,"SHOT","0670445D637011E5B83800FF59FBB323"
"","Kurant Regular","3DC815F8636311E5B83800FF59FBB323",22.00,"SHOT","067B3A5A637011E5B83800FF59FBB323"
"","Local Vodka","3DC815F8636311E5B83800FF59FBB323",4.00,"SHOT","067DB64A637011E5B83800FF59FBB323"
"","Russian Standard","3DC815F8636311E5B83800FF59FBB323",18.56,"SHOT","067EE889637011E5B83800FF59FBB323"
"","Smirnoff Vodka","3DC815F8636311E5B83800FF59FBB323",16.52,"SHOT","06801714637011E5B83800FF59FBB323"
"","Blueberry CheeseCake","3E0F4DEC636311E5B83800FF59FBB323",35.00,"ORDER","06814932637011E5B83800FF59FBB323"
"","Stolichnaya","3DC815F8636311E5B83800FF59FBB323",28.80,"SHOT","06824D14637011E5B83800FF59FBB323"
"","Mineral Big","3DCAA4F0636311E5B83800FF59FBB323",9.67,"BOT","0684DFE6637011E5B83800FF59FBB323"
"","Mineral Small","3DCAA4F0636311E5B83800FF59FBB323",7.25,"BOT","0688A851637011E5B83800FF59FBB323"
"","Soda Water","3DCAA4F0636311E5B83800FF59FBB323",26.00,"CAN","068963FD637011E5B83800FF59FBB323"
"","Tonic Water","3DCAA4F0636311E5B83800FF59FBB323",26.00,"CAN","068EB8BB637011E5B83800FF59FBB323"
"","Ballantines","3DCBD04A636311E5B83800FF59FBB323",34.60,"SHOT","0694D548637011E5B83800FF59FBB323"
"","Chivas Regal Liter","3DCBD04A636311E5B83800FF59FBB323",42.42,"SHOT","0695EF23637011E5B83800FF59FBB323"
"","Chivas Regal Regular","3DCBD04A636311E5B83800FF59FBB323",36.00,"SHOT","0697022D637011E5B83800FF59FBB323"
"","Cutty Sark 700ml","3DCBD04A636311E5B83800FF59FBB323",27.80,"SHOT","06981124637011E5B83800FF59FBB323"
"","Cutty Sark Liter","3DCBD04A636311E5B83800FF59FBB323",17.88,"SHOT","069902F0637011E5B83800FF59FBB323"
"","Buko Pandan","3E0F4DEC636311E5B83800FF59FBB323",80.00,"ORDER","0699BE8C637011E5B83800FF59FBB323"
"","Glenffedich","3DCBD04A636311E5B83800FF59FBB323",0.00,"SHOT","069A7759637011E5B83800FF59FBB323"
"","J & B Liter","3DCBD04A636311E5B83800FF59FBB323",0.00,"SHOT","069B2FE9637011E5B83800FF59FBB323"
"","J & B Regular","3DCBD04A636311E5B83800FF59FBB323",26.96,"SHOT","069BEA9F637011E5B83800FF59FBB323"
"","J.Walker Black Liter","3DCBD04A636311E5B83800FF59FBB323",31.82,"SHOT","069CAB3C637011E5B83800FF59FBB323"
"","J.Walker Black Reg.","3DCBD04A636311E5B83800FF59FBB323",33.91,"SHOT","069D5FDE637011E5B83800FF59FBB323"
"","J.Walker Blue Liter","3DCBD04A636311E5B83800FF59FBB323",43.33,"SHOT","069DD6D7637011E5B83800FF59FBB323"
"","J.Walker Blue Reg.","3DCBD04A636311E5B83800FF59FBB323",216.00,"SHOT","069E5405637011E5B83800FF59FBB323"
"","J.Walker Gold Reg.","3DCBD04A636311E5B83800FF59FBB323",0.00,"SHOT","069EBE8D637011E5B83800FF59FBB323"
"","J.Walker Green Liter","3DCBD04A636311E5B83800FF59FBB323",0.00,"SHOT","069F2A85637011E5B83800FF59FBB323"
"","J.Walker Green Reg.","3DCBD04A636311E5B83800FF59FBB323",105.20,"SHOT","069F9961637011E5B83800FF59FBB323"
"","Cheesecake","3E0F4DEC636311E5B83800FF59FBB323",35.00,"ORDER","06A003FD637011E5B83800FF59FBB323"
"","J.Walker Red 700ml","3DCBD04A636311E5B83800FF59FBB323",0.00,"SHOT","06A06F8C637011E5B83800FF59FBB323"
"","J.Walker Red Liter","3DCBD04A636311E5B83800FF59FBB323",34.85,"SHOT","06A0D990637011E5B83800FF59FBB323"
"","J.Walker Red Reg.","3DCBD04A636311E5B83800FF59FBB323",360.00,"SHOT","06A1446E637011E5B83800FF59FBB323"
"","Jack Daniels 700ml","3DCBD04A636311E5B83800FF59FBB323",41.30,"SHOT","06A1ACC3637011E5B83800FF59FBB323"
"","Jack Daniels Liter","3DCBD04A636311E5B83800FF59FBB323",28.79,"SHOT","06A23F9F637011E5B83800FF59FBB323"
"","Jack Daniels Regular","3DCBD04A636311E5B83800FF59FBB323",38.00,"SHOT","06A2AED9637011E5B83800FF59FBB323"
"","Jim Beam Regular","3DCBD04A636311E5B83800FF59FBB323",20.72,"SHOT","06A828C3637011E5B83800FF59FBB323"
"","Local Whisky","3DCBD04A636311E5B83800FF59FBB323",0.00,"SHOT","06AAA0CD637011E5B83800FF59FBB323"
"","Royal Rouse","3DCBD04A636311E5B83800FF59FBB323",0.00,"SHOT","06ACA892637011E5B83800FF59FBB323"
"","St. George","3DCBD04A636311E5B83800FF59FBB323",5.65,"SHOT","06ADEAC5637011E5B83800FF59FBB323"
"","Leche Flan","3E0F4DEC636311E5B83800FF59FBB323",0.00,"ORDER","06AFF1C1637011E5B83800FF59FBB323"
"","Vat 69","3DCBD04A636311E5B83800FF59FBB323",330.00,"SHOT","06B21C5B637011E5B83800FF59FBB323"
"","Gossips Red Wine","3DD03EF5636311E5B83800FF59FBB323",316.00,"BTL","06B365A9637011E5B83800FF59FBB323"
"","Gossips White Wine","3DD03EF5636311E5B83800FF59FBB323",316.00,"BTL","06B51A1F637011E5B83800FF59FBB323"
"","House Wine","3DD03EF5636311E5B83800FF59FBB323",33.71,"GLASS","06B816E5637011E5B83800FF59FBB323"
"","Montrouge Red","3DD03EF5636311E5B83800FF59FBB323",75.00,"GLASS","06BB0837637011E5B83800FF59FBB323"
"","Montrouge White","3DD03EF5636311E5B83800FF59FBB323",75.00,"GLASS","06BCD27D637011E5B83800FF59FBB323"
"","Electric Bill","3DD518C7636311E5B83800FF59FBB323",999.99,"TRAN","06BEC4D1637011E5B83800FF59FBB323"
"","Employees Meal","3DD66433636311E5B83800FF59FBB323",999.99,"TRAN","06BFB5CF637011E5B83800FF59FBB323"
"","Azuete","3DDAE81D636311E5B83800FF59FBB323",140.00,"KG","06C10C23637011E5B83800FF59FBB323"
"","Buko","3DDAE81D636311E5B83800FF59FBB323",25.00,"PC","06C1DD44637011E5B83800FF59FBB323"
"","Mango Float(Wle-smal","3E0F4DEC636311E5B83800FF59FBB323",22.90,"ORDER","06C2A69E637011E5B83800FF59FBB323"
"","Dayap","3DDAE81D636311E5B83800FF59FBB323",0.70,"SLICE","06C34DC0637011E5B83800FF59FBB323"
"","Fresh Orange","3DDAE81D636311E5B83800FF59FBB323",9.38,"SLICE","06C40AF6637011E5B83800FF59FBB323"
"","Grapes","3DDAE81D636311E5B83800FF59FBB323",32.19,"KG","06C4F15F637011E5B83800FF59FBB323"
"","Green Mango","3DDAE81D636311E5B83800FF59FBB323",15.00,"SLICE","06C5B799637011E5B83800FF59FBB323"
"","Kiwi Fruit","3DDAE81D636311E5B83800FF59FBB323",21.50,"KG","06C6735E637011E5B83800FF59FBB323"
"","Lacatan","3DDAE81D636311E5B83800FF59FBB323",12.00,"ORDER","06C71EC3637011E5B83800FF59FBB323"
"","Lemon","3DDAE81D636311E5B83800FF59FBB323",3.88,"SLICE","06C79A5F637011E5B83800FF59FBB323"
"","Melon","3DDAE81D636311E5B83800FF59FBB323",12.35,"ORDER","06C807B1637011E5B83800FF59FBB323"
"","Ripe Mango","3DDAE81D636311E5B83800FF59FBB323",15.60,"ORDER","06C86621637011E5B83800FF59FBB323"
"","Strawberry","3DDAE81D636311E5B83800FF59FBB323",165.00,"KG","06C8C791637011E5B83800FF59FBB323"
"","Acoustic Band","3DC952A7636311E5B83800FF59FBB323",999.99,"TRAN","06C95465637011E5B83800FF59FBB323"
"","Oreo Cheesecake","3E0F4DEC636311E5B83800FF59FBB323",40.00,"ORDER","06C9CBF6637011E5B83800FF59FBB323"
"","A1 Steak Sauce","3DDC2367636311E5B83800FF59FBB323",0.00,"GRMS","06CA3014637011E5B83800FF59FBB323"
"","All Purpose Cream","3DDC2367636311E5B83800FF59FBB323",186.00,"LT","06CA908D637011E5B83800FF59FBB323"
"","Anchovies","3DDC2367636311E5B83800FF59FBB323",1.60,"GRMS","06CAF321637011E5B83800FF59FBB323"
"","Angel Hair","3DDC2367636311E5B83800FF59FBB323",0.09,"GRMS","06CB5297637011E5B83800FF59FBB323"
"","BBQ Marinade","3DDC2367636311E5B83800FF59FBB323",113.70,"LT","06CBC827637011E5B83800FF59FBB323"
"","Baking Powder","3DDC2367636311E5B83800FF59FBB323",25.80,"KG","06CC4746637011E5B83800FF59FBB323"
"","Balsamic Vinegar","3DDC2367636311E5B83800FF59FBB323",466.60,"LT","06CCB869637011E5B83800FF59FBB323"
"","Banana Ketchup","3DDC2367636311E5B83800FF59FBB323",39.95,"KG","06CD18EB637011E5B83800FF59FBB323"
"","Beef Broth","3DDC2367636311E5B83800FF59FBB323",373.76,"KG","06CD7239637011E5B83800FF59FBB323"
"","Bihon","3DDC2367636311E5B83800FF59FBB323",65.00,"KG","06CDDD3C637011E5B83800FF59FBB323"
"","Tiramisu","3E0F4DEC636311E5B83800FF59FBB323",36.11,"ORDER","06CE71E4637011E5B83800FF59FBB323"
"","Bilbao","3DDC2367636311E5B83800FF59FBB323",0.45,"GRMS","06CEF144637011E5B83800FF59FBB323"
"","Black Beans","3DDC2367636311E5B83800FF59FBB323",0.11,"GRMS","06CF5075637011E5B83800FF59FBB323"
"","Black Fungus","3DDC2367636311E5B83800FF59FBB323",0.28,"GRMS","06CFABE2637011E5B83800FF59FBB323"
"","Black Olives","3DDC2367636311E5B83800FF59FBB323",0.24,"GRMS","06D00D97637011E5B83800FF59FBB323"
"","Black Pepper","3DDC2367636311E5B83800FF59FBB323",1.00,"GRMS","06D066FA637011E5B83800FF59FBB323"
"","Blueberry","3DDC2367636311E5B83800FF59FBB323",0.27,"GRMS","06D0E296637011E5B83800FF59FBB323"
"","Bread Crumbs","3DDC2367636311E5B83800FF59FBB323",108.75,"KG","06D15AD3637011E5B83800FF59FBB323"
"","Brewed Coffee","3DDC2367636311E5B83800FF59FBB323",896.87,"KG","06D1C226637011E5B83800FF59FBB323"
"","Bulaklak ng Saging","3DDC2367636311E5B83800FF59FBB323",280.00,"GRMS","06D21B3B637011E5B83800FF59FBB323"
"","Burger Buns","3DDC2367636311E5B83800FF59FBB323",4.75,"PCS","06D26EBF637011E5B83800FF59FBB323"
"","Beer Kettle","3E118937636311E5B83800FF59FBB323",25.00,"BOT","06D2BE39637011E5B83800FF59FBB323"
"","Butter","3DDC2367636311E5B83800FF59FBB323",0.17,"GRMS","06D32028637011E5B83800FF59FBB323"
"","Canola Oil","3DDC2367636311E5B83800FF59FBB323",118.95,"LT","06D3938E637011E5B83800FF59FBB323"
"","Canton Noodles","3DDC2367636311E5B83800FF59FBB323",150.00,"KG","06D50EDC637011E5B83800FF59FBB323"
"","Capers","3DDC2367636311E5B83800FF59FBB323",0.41,"GRMS","06D56C3E637011E5B83800FF59FBB323"
"","Chami Noodles","3DDC2367636311E5B83800FF59FBB323",45.00,"KG","06D5D390637011E5B83800FF59FBB323"
"","Cheddar Cheese","3DDC2367636311E5B83800FF59FBB323",268.18,"KG","06D64243637011E5B83800FF59FBB323"
"","Cheese Sliced","3DDC2367636311E5B83800FF59FBB323",15.83,"PC","06D69D17637011E5B83800FF59FBB323"
"","Cheese Whiz","3DDC2367636311E5B83800FF59FBB323",0.31,"GRMS","06D6F5FF637011E5B83800FF59FBB323"
"","Cherry","3DDC2367636311E5B83800FF59FBB323",3.98,"PC","06D75415637011E5B83800FF59FBB323"
"","Chicken Broth","3DDC2367636311E5B83800FF59FBB323",330.78,"KG","06D7B888637011E5B83800FF59FBB323"
"","Cerveza Negra","3E118937636311E5B83800FF59FBB323",32.33,"BOT","06D81535637011E5B83800FF59FBB323"
"","Chicken Powder","3DDC2367636311E5B83800FF59FBB323",299.70,"KG","06D89D4B637011E5B83800FF59FBB323"
"","Chili Ketchup","3DDC2367636311E5B83800FF59FBB323",89.45,"KG","06D8F83C637011E5B83800FF59FBB323"
"","Coconut Brand SoySos","3DDC2367636311E5B83800FF59FBB323",87.16,"LTR","06D94969637011E5B83800FF59FBB323"
"","Coconut Milk Powder","3DDC2367636311E5B83800FF59FBB323",0.57,"GRMS","06D99C41637011E5B83800FF59FBB323"
"","Condensed Milk","3DDC2367636311E5B83800FF59FBB323",173.67,"LT","06D9EBBB637011E5B83800FF59FBB323"
"","Cornstarch","3DDC2367636311E5B83800FF59FBB323",40.00,"KG","06DA3FF8637011E5B83800FF59FBB323"
"","Cream Cheese","3DDC2367636311E5B83800FF59FBB323",583.95,"KG","06DA916A637011E5B83800FF59FBB323"
"","Creamer","3DDC2367636311E5B83800FF59FBB323",1.69,"PCS","06DB09AC637011E5B83800FF59FBB323"
"","Croutons","3DDC2367636311E5B83800FF59FBB323",0.00,"GRMS","06DB802E637011E5B83800FF59FBB323"
"","Curry Powder","3DDC2367636311E5B83800FF59FBB323",1.45,"GRMS","06DBF78E637011E5B83800FF59FBB323"
"","Corona Beer","3E118937636311E5B83800FF59FBB323",65.00,"BOT","06DC5BAC637011E5B83800FF59FBB323"
"","Demi Glace","3DDC2367636311E5B83800FF59FBB323",455.00,"KG","06DCB8AA637011E5B83800FF59FBB323"
"","Diced Tomato","3DDC2367636311E5B83800FF59FBB323",111.50,"KG","06DD0B07637011E5B83800FF59FBB323"
"","Dried Alamang","3DDC2367636311E5B83800FF59FBB323",27.50,"GRMS","06DD76F4637011E5B83800FF59FBB323"
"","Egg","3DDC2367636311E5B83800FF59FBB323",5.83,"PCS","06DDFA11637011E5B83800FF59FBB323"
"","Evaporated Milk","3DDC2367636311E5B83800FF59FBB323",65.43,"LT","06DE4C7A637011E5B83800FF59FBB323"
"","Flat Noodles","3DDC2367636311E5B83800FF59FBB323",84.78,"KG","06DE9D65637011E5B83800FF59FBB323"
"","Flour","3DDC2367636311E5B83800FF59FBB323",44.00,"KG","06DEF0E5637011E5B83800FF59FBB323"
"","French Bread","3DDC2367636311E5B83800FF59FBB323",70.00,"PC","06DF5ACD637011E5B83800FF59FBB323"
"","French Fries","3DDC2367636311E5B83800FF59FBB323",85.00,"KG","06DFAEE9637011E5B83800FF59FBB323"
"","Fresh Milk","3DDC2367636311E5B83800FF59FBB323",76.00,"LT","06E01FD7637011E5B83800FF59FBB323"
"","Empties","3E118937636311E5B83800FF59FBB323",5.00,"BOT","06E09F1E637011E5B83800FF59FBB323"
"","Garbanzos","3DDC2367636311E5B83800FF59FBB323",26.70,"KG","06E116B4637011E5B83800FF59FBB323"
"","Garlic Ranch Dresing","3DDC2367636311E5B83800FF59FBB323",171.75,"LT","06E17871637011E5B83800FF59FBB323"
"","Graham","3DDC2367636311E5B83800FF59FBB323",0.25,"GRMS","06E1C845637011E5B83800FF59FBB323"
"","Green Gulaman","3DDC2367636311E5B83800FF59FBB323",340.37,"KG","06E2182E637011E5B83800FF59FBB323"
"","Ground Cinnamon","3DDC2367636311E5B83800FF59FBB323",1.23,"GRMS","06E28352637011E5B83800FF59FBB323"
"","Ground Pepper","3DDC2367636311E5B83800FF59FBB323",0.30,"GRMS","06E2FD1D637011E5B83800FF59FBB323"
"","Ground Saffron","3DDC2367636311E5B83800FF59FBB323",178.00,"GRMS","06E36841637011E5B83800FF59FBB323"
"","Honey","3DDC2367636311E5B83800FF59FBB323",0.18,"ML","06E3B88C637011E5B83800FF59FBB323"
"","Hotdog Buns","3DDC2367636311E5B83800FF59FBB323",4.00,"PCS","06E40984637011E5B83800FF59FBB323"
"","Iodized Salt","3DDC2367636311E5B83800FF59FBB323",25.00,"KG","06E4592B637011E5B83800FF59FBB323"
"","Empties Plastic","3E118937636311E5B83800FF59FBB323",0.20,"PC","06E4AAB2637011E5B83800FF59FBB323"
"","Italian Seasoning","3DDC2367636311E5B83800FF59FBB323",3.17,"GRMS","06E50954637011E5B83800FF59FBB323"
"","Kare-Kare Paste","3DDC2367636311E5B83800FF59FBB323",33.33,"KG","06E56336637011E5B83800FF59FBB323"
"","Kernel Corn","3DDC2367636311E5B83800FF59FBB323",0.07,"GRMS","06E5B60A637011E5B83800FF59FBB323"
"","Kikoman","3DDC2367636311E5B83800FF59FBB323",233.55,"LT","06E6073F637011E5B83800FF59FBB323"
"","Lasagna Noodles","3DDC2367636311E5B83800FF59FBB323",200.90,"KG","06E65595637011E5B83800FF59FBB323"
"","Laurel Leaves","3DDC2367636311E5B83800FF59FBB323",0.28,"GRMS","06E6A597637011E5B83800FF59FBB323"
"","Liver Spread","3DDC2367636311E5B83800FF59FBB323",0.14,"GRMS","06E6F74B637011E5B83800FF59FBB323"
"","Lumpia Wrapper","3DDC2367636311E5B83800FF59FBB323",1.82,"PCS","06E74AD0637011E5B83800FF59FBB323"
"","Mang Tomas","3DDC2367636311E5B83800FF59FBB323",70.00,"KG","06E7B0C9637011E5B83800FF59FBB323"
"","Mango Float Big","3DDC2367636311E5B83800FF59FBB323",40.00,"ORDER","06E80238637011E5B83800FF59FBB323"
"","Hoegaarden","3E118937636311E5B83800FF59FBB323",75.00,"BOT","06E851CE637011E5B83800FF59FBB323"
"","Mayonnaise","3DDC2367636311E5B83800FF59FBB323",144.61,"LT","06E8A284637011E5B83800FF59FBB323"
"","Molo Wrapper","3DDC2367636311E5B83800FF59FBB323",0.35,"PCS","06E8F064637011E5B83800FF59FBB323"
"","Mozarella Cheese","3DDC2367636311E5B83800FF59FBB323",325.00,"KG","06E941B2637011E5B83800FF59FBB323"
"","Mushroom Soy Sauce","3DDC2367636311E5B83800FF59FBB323",69.55,"LTR","06E9923A637011E5B83800FF59FBB323"
"","Mustard","3DDC2367636311E5B83800FF59FBB323",0.32,"GRMS","06E9E63A637011E5B83800FF59FBB323"
"","Nata De Coco","3DDC2367636311E5B83800FF59FBB323",0.12,"GRMS","06EA375B637011E5B83800FF59FBB323"
"","Nestle Thick Cream","3DDC2367636311E5B83800FF59FBB323",225.00,"Kg","06EA86F5637011E5B83800FF59FBB323"
"","Olive Oil","3DDC2367636311E5B83800FF59FBB323",286.70,"LT","06EAE7A0637011E5B83800FF59FBB323"
"","Orange Marmalade","3DDC2367636311E5B83800FF59FBB323",0.17,"GRMS","06EB4599637011E5B83800FF59FBB323"
"","Oreo","3DDC2367636311E5B83800FF59FBB323",0.25,"KG","06EB94EE637011E5B83800FF59FBB323"
"","Pale Pilsen","3E118937636311E5B83800FF59FBB323",25.42,"BOT","06EBE60B637011E5B83800FF59FBB323"
"","Oyster Sauce","3DDC2367636311E5B83800FF59FBB323",113.16,"KG","06EC34F9637011E5B83800FF59FBB323"
"","Paprika Ground","3DDC2367636311E5B83800FF59FBB323",0.96,"GRMS","06EC853C637011E5B83800FF59FBB323"
"","Parmesan Cheese","3DDC2367636311E5B83800FF59FBB323",0.83,"GRMS","06ECD54E637011E5B83800FF59FBB323"
"","Patis","3DDC2367636311E5B83800FF59FBB323",31.35,"LT","06ED2842637011E5B83800FF59FBB323"
"","Peanut Butter","3DDC2367636311E5B83800FF59FBB323",201.98,"KG","06ED769D637011E5B83800FF59FBB323"
"","Peeled Tomato","3DDC2367636311E5B83800FF59FBB323",0.10,"GRMS","06EDC577637011E5B83800FF59FBB323"
"","Pickles","3DDC2367636311E5B83800FF59FBB323",0.21,"GRMS","06EE18F3637011E5B83800FF59FBB323"
"","Pineapple Sliced","3DDC2367636311E5B83800FF59FBB323",0.10,"GRMS","06EE6C04637011E5B83800FF59FBB323"
"","Pineapple Tidbits","3DDC2367636311E5B83800FF59FBB323",0.15,"GRMS","06EEBB55637011E5B83800FF59FBB323"
"","Pizza Crust","3DDC2367636311E5B83800FF59FBB323",25.00,"PC","06EF0BEE637011E5B83800FF59FBB323"
"","Pale Pilsen October","3E118937636311E5B83800FF59FBB323",20.17,"BOT","06EF5C4E637011E5B83800FF59FBB323"
"","Quail Egg","3DDC2367636311E5B83800FF59FBB323",1.50,"PCS","06EFADA4637011E5B83800FF59FBB323"
"","Quick Melt","3DDC2367636311E5B83800FF59FBB323",320.00,"KG","06F00016637011E5B83800FF59FBB323"
"","Raisins","3DDC2367636311E5B83800FF59FBB323",0.25,"GRMS","06F05E17637011E5B83800FF59FBB323"
"","Red Hot Pepper Sauce","3DDC2367636311E5B83800FF59FBB323",257.21,"LT","06F0ACAF637011E5B83800FF59FBB323"
"","Red Pimiento","3DDC2367636311E5B83800FF59FBB323",226.41,"KG","06F0F94A637011E5B83800FF59FBB323"
"","Rock Salt","3DDC2367636311E5B83800FF59FBB323",10.00,"KG","06F14756637011E5B83800FF59FBB323"
"","Rosemary Leaves","3DDC2367636311E5B83800FF59FBB323",88.20,"GRMS","06F198FF637011E5B83800FF59FBB323"
"","Sesame Oil","3DDC2367636311E5B83800FF59FBB323",456.54,"LT","06F20640637011E5B83800FF59FBB323"
"","Sesame Seed","3DDC2367636311E5B83800FF59FBB323",0.36,"GRMS","06F25ACF637011E5B83800FF59FBB323"
"","Shanghai Soy Sauce","3DDC2367636311E5B83800FF59FBB323",71.25,"LT","06F2AB02637011E5B83800FF59FBB323"
"","Annual Festivities","3DE99B37636311E5B83800FF59FBB323",999.99,"TRAN","06F2FB93637011E5B83800FF59FBB323"
"","Red Horse","3E118937636311E5B83800FF59FBB323",21.88,"BOT","06F349B4637011E5B83800FF59FBB323"
"","Sliced Bread","3DDC2367636311E5B83800FF59FBB323",3.39,"PCS","06F3B8EA637011E5B83800FF59FBB323"
"","Sotanghon","3DDC2367636311E5B83800FF59FBB323",160.00,"KG","06F406B9637011E5B83800FF59FBB323"
"","Sour Cream","3DDC2367636311E5B83800FF59FBB323",0.35,"GRMS","06F455E5637011E5B83800FF59FBB323"
"","Soy Sauce","3DDC2367636311E5B83800FF59FBB323",30.12,"LT","06F4AA91637011E5B83800FF59FBB323"
"","Spaghetti Noodles","3DDC2367636311E5B83800FF59FBB323",70.30,"KG","06F4F9DE637011E5B83800FF59FBB323"
"","Spaghetti Sauce","3DDC2367636311E5B83800FF59FBB323",61.95,"KG","06F56939637011E5B83800FF59FBB323"
"","Star Anis","3DDC2367636311E5B83800FF59FBB323",0.28,"GRMS","06F5B714637011E5B83800FF59FBB323"
"","Star Margarine","3DDC2367636311E5B83800FF59FBB323",48.50,"KG","06F60478637011E5B83800FF59FBB323"
"","Sugar","3DDC2367636311E5B83800FF59FBB323",65.00,"KG","06F65270637011E5B83800FF59FBB323"
"","Sugar Sachet","3DDC2367636311E5B83800FF59FBB323",0.99,"SACHET","06F6A183637011E5B83800FF59FBB323"
"","Red Horse 1L","3E118937636311E5B83800FF59FBB323",0.00,"BOT","06F6F839637011E5B83800FF59FBB323"
"","Sugar Syrup","3DDC2367636311E5B83800FF59FBB323",0.00,"SHOT","06F74BCE637011E5B83800FF59FBB323"
"","Sweet Chili Bottle","3DDC2367636311E5B83800FF59FBB323",80.95,"KG","06F79CEA637011E5B83800FF59FBB323"
"","Sweet Chili Sauce","3DDC2367636311E5B83800FF59FBB323",91.50,"KG","06F7ED25637011E5B83800FF59FBB323"
"","Tamarind Soup Base","3DDC2367636311E5B83800FF59FBB323",293.93,"KG","06F83BCD637011E5B83800FF59FBB323"
"","Teriyaki Sauce","3DDC2367636311E5B83800FF59FBB323",0.00,"LT","06F88C77637011E5B83800FF59FBB323"
"","Thick Cream","3DDC2367636311E5B83800FF59FBB323",215.00,"ML","06F8DAF2637011E5B83800FF59FBB323"
"","Thousand Island","3DDC2367636311E5B83800FF59FBB323",0.00,"KG","06F92B88637011E5B83800FF59FBB323"
"","Tomato Catsup","3DDC2367636311E5B83800FF59FBB323",63.12,"KG","06F97AB8637011E5B83800FF59FBB323"
"","Tomato Paste","3DDC2367636311E5B83800FF59FBB323",0.08,"GRMS","06F9CBE0637011E5B83800FF59FBB323"
"","Tomato Sauce","3DDC2367636311E5B83800FF59FBB323",74.45,"KG","06FA1A68637011E5B83800FF59FBB323"
"","Red Horse 500ml","3E118937636311E5B83800FF59FBB323",0.00,"BOT","06FA8A74637011E5B83800FF59FBB323"
"","Tortilla Chips","3DDC2367636311E5B83800FF59FBB323",182.00,"KG","06FADB2E637011E5B83800FF59FBB323"
"","Tumeric Ground","3DDC2367636311E5B83800FF59FBB323",0.55,"GRMS","06FB2F73637011E5B83800FF59FBB323"
"","Vanilla","3DDC2367636311E5B83800FF59FBB323",1.15,"ML","06FB7E34637011E5B83800FF59FBB323"
"","Vegetable Oil","3DDC2367636311E5B83800FF59FBB323",100.29,"LT","06FBCC20637011E5B83800FF59FBB323"
"","Vinegar","3DDC2367636311E5B83800FF59FBB323",26.68,"LT","06FC38B5637011E5B83800FF59FBB323"
"","Wasabi Powder","3DDC2367636311E5B83800FF59FBB323",1.39,"GRMS","06FC8762637011E5B83800FF59FBB323"
"","White Pepper","3DDC2367636311E5B83800FF59FBB323",2.08,"GRMS","06FCD736637011E5B83800FF59FBB323"
"","Whole Mushroom","3DDC2367636311E5B83800FF59FBB323",134.71,"KG","06FD26A3637011E5B83800FF59FBB323"
"","Worcestershire Sauce","3DDC2367636311E5B83800FF59FBB323",0.58,"ML","06FD7550637011E5B83800FF59FBB323"
"","Yeast","3DDC2367636311E5B83800FF59FBB323",0.26,"GRMS","06FDC8D8637011E5B83800FF59FBB323"
"","San Miguel Lights","3E118937636311E5B83800FF59FBB323",23.96,"BOT","06FE1A60637011E5B83800FF59FBB323"
"","Tube Ice","3DC1FC28636311E5B83800FF59FBB323",3.00,"KG","06FE6E6C637011E5B83800FF59FBB323"
"","Kabayan Loan","Kabayan Loan",999.99,"TRAN","06FEBFA5637011E5B83800FF59FBB323"
"","LPG","3DE25385636311E5B83800FF59FBB323",999.99,"TRAN","06FF0F96637011E5B83800FF59FBB323"
"","Beef Ribs","3DE82C56636311E5B83800FF59FBB323",190.00,"KG","06FF5DF0637011E5B83800FF59FBB323"
"","Bulalo","3DE82C56636311E5B83800FF59FBB323",75.16,"ORDER","06FFB0A3637011E5B83800FF59FBB323"
"","Camto","3DE82C56636311E5B83800FF59FBB323",215.00,"KG","07000015637011E5B83800FF59FBB323"
"","Ground Beef","3DE82C56636311E5B83800FF59FBB323",553.27,"KG","070054EA637011E5B83800FF59FBB323"
"","Ground Sirloin","3DE82C56636311E5B83800FF59FBB323",303.72,"KG","0700A82D637011E5B83800FF59FBB323"
"","Kalitiran","3DE82C56636311E5B83800FF59FBB323",195.00,"KG","0700F98F637011E5B83800FF59FBB323"
"","Lingua","3DE82C56636311E5B83800FF59FBB323",230.00,"KG","0701530B637011E5B83800FF59FBB323"
"","San Miguel Premium","3E118937636311E5B83800FF59FBB323",33.29,"BOT","0701A1F5637011E5B83800FF59FBB323"
"","Oxtripe","3DE82C56636311E5B83800FF59FBB323",24.67,"KG","0701F09E637011E5B83800FF59FBB323"
"","Porterhouse Steak","3DE82C56636311E5B83800FF59FBB323",280.00,"PC","0702412F637011E5B83800FF59FBB323"
"","T-Bone","3DE82C56636311E5B83800FF59FBB323",55.00,"PC","07029373637011E5B83800FF59FBB323"
"","Tenderloin","3DE82C56636311E5B83800FF59FBB323",380.00,"KG","0702E5C7637011E5B83800FF59FBB323"
"","Top Round","3DE82C56636311E5B83800FF59FBB323",275.00,"KG","07033855637011E5B83800FF59FBB323"
"","Breast Fillet","3DEB3311636311E5B83800FF59FBB323",210.33,"KG","070389B4637011E5B83800FF59FBB323"
"","Chicken Wings","3DEB3311636311E5B83800FF59FBB323",13.21,"PC","0703D97C637011E5B83800FF59FBB323"
"","Ground Chicken","3DEB3311636311E5B83800FF59FBB323",190.00,"KG","07042BE9637011E5B83800FF59FBB323"
"","Leg Quarter","3DEB3311636311E5B83800FF59FBB323",195.00,"KG","07047D09637011E5B83800FF59FBB323"
"","Whole Chicken","3DEB3311636311E5B83800FF59FBB323",150.02,"ORDER","0704CC21637011E5B83800FF59FBB323"
"","San Miguel Zero","3E118937636311E5B83800FF59FBB323",24.92,"BOT","07051C58637011E5B83800FF59FBB323"
"","Bacon","3DEDA602636311E5B83800FF59FBB323",572.00,"KG","07056F1B637011E5B83800FF59FBB323"
"","Balat ng Baboy","3DEDA602636311E5B83800FF59FBB323",90.00,"KG","0705BD40637011E5B83800FF59FBB323"
"","Batok","3DEDA602636311E5B83800FF59FBB323",0.00,"KG","07060B28637011E5B83800FF59FBB323"
"","Bulaklak","3DEDA602636311E5B83800FF59FBB323",120.00,"KG","070676BE637011E5B83800FF59FBB323"
"","Ground Pork","3DEDA602636311E5B83800FF59FBB323",175.00,"KG","0706C934637011E5B83800FF59FBB323"
"","Ham","3DEDA602636311E5B83800FF59FBB323",0.30,"GRMS","07071C6E637011E5B83800FF59FBB323"
"","Liempo","3DEDA602636311E5B83800FF59FBB323",200.00,"KG","07077017637011E5B83800FF59FBB323"
"","Longanisa","3DEDA602636311E5B83800FF59FBB323",150.00,"KG","0707C2D7637011E5B83800FF59FBB323"
"","Mukha","3DEDA602636311E5B83800FF59FBB323",85.00,"KG","0708247C637011E5B83800FF59FBB323"
"","Mukha (BTC)","3DEDA602636311E5B83800FF59FBB323",0.00,"KG","07088DD0637011E5B83800FF59FBB323"
"","Sapporo Beer","3E118937636311E5B83800FF59FBB323",65.00,"BOT","072C24BD637011E5B83800FF59FBB323"
"","Mukha (Chicharon)","3DEDA602636311E5B83800FF59FBB323",80.00,"ORDER","072E1D94637011E5B83800FF59FBB323"
"","Mukha (Laga)","3DEDA602636311E5B83800FF59FBB323",80.00,"KG","073677D4637011E5B83800FF59FBB323"
"","Pata","3DEDA602636311E5B83800FF59FBB323",162.00,"ORDER","0737AC10637011E5B83800FF59FBB323"
"","Pigue","3DEDA602636311E5B83800FF59FBB323",190.00,"KG","0738D629637011E5B83800FF59FBB323"
"","Pork Belly","3DEDA602636311E5B83800FF59FBB323",170.00,"KG","0739FFC8637011E5B83800FF59FBB323"
"","Pork Casim","3DEDA602636311E5B83800FF59FBB323",150.00,"KG","073B1FC2637011E5B83800FF59FBB323"
"","Pork Chop","3DEDA602636311E5B83800FF59FBB323",155.00,"KG","073C3FDA637011E5B83800FF59FBB323"
"","Pork Loin","3DEDA602636311E5B83800FF59FBB323",180.00,"KG","073D50F8637011E5B83800FF59FBB323"
"","Pork Spareribs","3DEDA602636311E5B83800FF59FBB323",180.00,"KG","073E2F85637011E5B83800FF59FBB323"
"","Hungarian","3DEE4E3A636311E5B83800FF59FBB323",15.50,"PC","073EEB04637011E5B83800FF59FBB323"
"","Stella Artois","3E118937636311E5B83800FF59FBB323",60.00,"BOT","073FD1C3637011E5B83800FF59FBB323"
"","Longganisa","3DEE4E3A636311E5B83800FF59FBB323",150.00,"KG","0740ADC8637011E5B83800FF59FBB323"
"","Pepperoni","3DEE4E3A636311E5B83800FF59FBB323",304.55,"KG","07481C7A637011E5B83800FF59FBB323"
"","Alabang House","3DEF06C2636311E5B83800FF59FBB323",310.95,"TRAN","074D4ED1637011E5B83800FF59FBB323"
"","COMPANY ID","3DEF06C2636311E5B83800FF59FBB323",999.99,"","0753ADB2637011E5B83800FF59FBB323"
"","House Rent","3DEF06C2636311E5B83800FF59FBB323",0.00,"TRAN","075508CD637011E5B83800FF59FBB323"
"","Medicine","3DEF06C2636311E5B83800FF59FBB323",429.00,"TRAN","07563F16637011E5B83800FF59FBB323"
"","Misc. Groceries","3DEF06C2636311E5B83800FF59FBB323",504.00,"TRAN","075B0936637011E5B83800FF59FBB323"
"","Photocopying","3DEF06C2636311E5B83800FF59FBB323",240.00,"TRAN","075C696A637011E5B83800FF59FBB323"
"","UNIFORM","3DEF06C2636311E5B83800FF59FBB323",999.99,"TRAN","07630DCB637011E5B83800FF59FBB323"
"","Water Test","3DEF06C2636311E5B83800FF59FBB323",350.00,"TRAN","0764ADF0637011E5B83800FF59FBB323"
"","Strong Ice","3E118937636311E5B83800FF59FBB323",26.25,"BOT","07663C9E637011E5B83800FF59FBB323"
"","Office Supplies","3DEFB5AA636311E5B83800FF59FBB323",273.25,"TRAN","076C4AF2637011E5B83800FF59FBB323"
"","Paper Roll","3DEFB5AA636311E5B83800FF59FBB323",0.20,"PC","076E0335637011E5B83800FF59FBB323"
"","Thermal Paper","3DEFB5AA636311E5B83800FF59FBB323",23.00,"PC","076ED357637011E5B83800FF59FBB323"
"","Pag-Ibig Loan Paymnt","3DF05A60636311E5B83800FF59FBB323",999.99,"TRAN","076FCAE5637011E5B83800FF59FBB323"
"","Pag-Ibig Remittance","3DF0FAEA636311E5B83800FF59FBB323",999.99,"TRAN","0770CA31637011E5B83800FF59FBB323"
"","Pest Control","3DF1B9B3636311E5B83800FF59FBB323",999.99,"TRAN","07718FE3637011E5B83800FF59FBB323"
"","PhilHealth Remitance","3DF26B03636311E5B83800FF59FBB323",999.99,"TRAN","07723862637011E5B83800FF59FBB323"
"","Professional Fee","3DF6E0AB636311E5B83800FF59FBB323",999.99,"TRAN","0772D1B8637011E5B83800FF59FBB323"
"","Retainer's Fee","3DF6E0AB636311E5B83800FF59FBB323",999.99,"TRAN","07738A30637011E5B83800FF59FBB323"
"","Aircon Charges","3DF79092636311E5B83800FF59FBB323",999.99,"TRAN","07793708637011E5B83800FF59FBB323"
"","Super Dry","3E118937636311E5B83800FF59FBB323",32.46,"BOT","0779E0DB637011E5B83800FF59FBB323"
"","Aircon Maintenance","3DF79092636311E5B83800FF59FBB323",999.99,"TRAN","077D47F3637011E5B83800FF59FBB323"
"","Engineering","3DF79092636311E5B83800FF59FBB323",12.00,"TRAN","077E1C6E637011E5B83800FF59FBB323"
"","Exhaust Charges","3DF79092636311E5B83800FF59FBB323",999.99,"TRAN","077EEB86637011E5B83800FF59FBB323"
"","Garbage Hauling","3DF79092636311E5B83800FF59FBB323",220.00,"TRAN","07834B53637011E5B83800FF59FBB323"
"","Grease Trap","3DF79092636311E5B83800FF59FBB323",999.99,"TRAN","07847A0A637011E5B83800FF59FBB323"
"","Hardware","3DF79092636311E5B83800FF59FBB323",8.00,"TRAN","0788FA13637011E5B83800FF59FBB323"
"","New Equipment","3DF79092636311E5B83800FF59FBB323",999.99,"TRAN","078A4669637011E5B83800FF59FBB323"
"","Repair Expenses","3DF79092636311E5B83800FF59FBB323",999.99,"TRAN","07955948637011E5B83800FF59FBB323"
"","Sprinkler","3DF79092636311E5B83800FF59FBB323",0.00,"TRAN","07967B44637011E5B83800FF59FBB323"
"","Welding Works","3DF79092636311E5B83800FF59FBB323",0.00,"TRAN","07979D02637011E5B83800FF59FBB323"
"","Cash Advance","3DF627B5636311E5B83800FF59FBB323",500.00,"TRAN","079CD94B637011E5B83800FF59FBB323"
"","Alcoholic Malt Apple","3E13F8A9636311E5B83800FF59FBB323",21.25,"BOT","07A19C01637011E5B83800FF59FBB323"
"","Air Freshener","3DF83B81636311E5B83800FF59FBB323",185.00,"LT","07B00FB7637011E5B83800FF59FBB323"
"","Aluminum Foil","3DF83B81636311E5B83800FF59FBB323",809.50,"ROLL","07BDC95A637011E5B83800FF59FBB323"
"","BBQ Stick","3DF83B81636311E5B83800FF59FBB323",0.27,"PC","07C2C719637011E5B83800FF59FBB323"
"","Bar Supplies","3DF83B81636311E5B83800FF59FBB323",37.50,"TRAN","07C3F71D637011E5B83800FF59FBB323"
"","Brown Paper","3DF83B81636311E5B83800FF59FBB323",1.10,"PC","07C90D7D637011E5B83800FF59FBB323"
"","Charcoal","3DF83B81636311E5B83800FF59FBB323",250.00,"SACK","07CA2A88637011E5B83800FF59FBB323"
"","Chinaware","3DF83B81636311E5B83800FF59FBB323",999.99,"TRAN","07CB3E70637011E5B83800FF59FBB323"
"","Cling Wrapp","3DF83B81636311E5B83800FF59FBB323",636.36,"ROLL","07CC544C637011E5B83800FF59FBB323"
"","Cocktail Toothpick","3DF83B81636311E5B83800FF59FBB323",0.16,"PC","07CD8AE4637011E5B83800FF59FBB323"
"","Crema Tray","3DF83B81636311E5B83800FF59FBB323",14.50,"PC","07CE9D08637011E5B83800FF59FBB323"
"","Alcoholic Malt Lemon","3E13F8A9636311E5B83800FF59FBB323",21.25,"BOT","07CFD49E637011E5B83800FF59FBB323"
"","D.W. Paste","3DF83B81636311E5B83800FF59FBB323",38.00,"KG","07D09E4E637011E5B83800FF59FBB323"
"","Decors","3DF83B81636311E5B83800FF59FBB323",50.00,"SET","07D144A2637011E5B83800FF59FBB323"
"","Detergent Powder","3DF83B81636311E5B83800FF59FBB323",35.00,"TRAN","07D1EC95637011E5B83800FF59FBB323"
"","Mop Head","3DF83B81636311E5B83800FF59FBB323",204.60,"PC","07D2911E637011E5B83800FF59FBB323"
"","Order Slip","3DF83B81636311E5B83800FF59FBB323",15.00,"PC","07D33728637011E5B83800FF59FBB323"
"","Oyster Shell","3DF83B81636311E5B83800FF59FBB323",35.00,"KG","07D3D890637011E5B83800FF59FBB323"
"","Pizza Box","3DF83B81636311E5B83800FF59FBB323",10.00,"PC","07D480ED637011E5B83800FF59FBB323"
"","Placemat","3DF83B81636311E5B83800FF59FBB323",0.30,"PC","07D52680637011E5B83800FF59FBB323"
"","Plastic Twine","3DF83B81636311E5B83800FF59FBB323",90.00,"ROLL","07D9C8BE637011E5B83800FF59FBB323"
"","Red Straw","3DF83B81636311E5B83800FF59FBB323",0.15,"PC","07DA8D30637011E5B83800FF59FBB323"
"","Gilbeys Premium","3E13F8A9636311E5B83800FF59FBB323",38.00,"BOT","07DB3929637011E5B83800FF59FBB323"
"","Restaurant Supplies","3DF83B81636311E5B83800FF59FBB323",148.75,"TRAN","07DBDF3B637011E5B83800FF59FBB323"
"","Rollo Bag 10""","3DF83B81636311E5B83800FF59FBB323",0.22,"PC","07DC85D5637011E5B83800FF59FBB323"
"","Rollo Bag 8""","3DF83B81636311E5B83800FF59FBB323",0.35,"PC","07E197BC637011E5B83800FF59FBB323"
"","Sando Bag Large","3DF83B81636311E5B83800FF59FBB323",1.50,"PC","07E3FA0F637011E5B83800FF59FBB323"
"","Sando Bag Medium","3DF83B81636311E5B83800FF59FBB323",0.65,"PC","07E4C686637011E5B83800FF59FBB323"
"","Sando Bag Small","3DF83B81636311E5B83800FF59FBB323",0.35,"PC","07E56C04637011E5B83800FF59FBB323"
"","Styro Big","3DF83B81636311E5B83800FF59FBB323",4.80,"PC","07E8A451637011E5B83800FF59FBB323"
"","Styro Meduim","3DF83B81636311E5B83800FF59FBB323",4.00,"PC","07EAA799637011E5B83800FF59FBB323"
"","Styro Small","3DF83B81636311E5B83800FF59FBB323",1.45,"PC","07EBE526637011E5B83800FF59FBB323"
"","Toothpick","3DF83B81636311E5B83800FF59FBB323",0.05,"PC","07ED4A53637011E5B83800FF59FBB323"
"","Tanduay Ice","3E13F8A9636311E5B83800FF59FBB323",18.75,"BOT","07EEE072637011E5B83800FF59FBB323"
"","Trash Bag","3DF83B81636311E5B83800FF59FBB323",7.00,"PC","07F044EA637011E5B83800FF59FBB323"
"","White Bending Straw","3DF83B81636311E5B83800FF59FBB323",0.25,"PC","07F1F613637011E5B83800FF59FBB323"
"","Wooden Chopstick","3DF83B81636311E5B83800FF59FBB323",2.48,"PC","07F389DA637011E5B83800FF59FBB323"
"","Rice","3DF8FB71636311E5B83800FF59FBB323",41.45,"KG","07F58447637011E5B83800FF59FBB323"
"","SSS Ee Loan Payment","SSS Loan Payment",999.99,"TRAN","07F81EB3637011E5B83800FF59FBB323"
"","SSS Ee Remittance","3DF9D4C8636311E5B83800FF59FBB323",872.00,"TRAN","07FA209A637011E5B83800FF59FBB323"
"","SSS Er Remittance","3DF9D4C8636311E5B83800FF59FBB323",999.99,"TRAN","07FB1129637011E5B83800FF59FBB323"
"","S.I.L","3DFA869C636311E5B83800FF59FBB323",573.23,"TRAN","07FBC82B637011E5B83800FF59FBB323"
"","Salary","3DFA869C636311E5B83800FF59FBB323",494.50,"TRAN","07FC73FB637011E5B83800FF59FBB323"
"","Salary Trainee","3DFEA7CA636311E5B83800FF59FBB323",489.32,"TRAN","07FD438E637011E5B83800FF59FBB323"
"","Tanduay Ice Black","3E13F8A9636311E5B83800FF59FBB323",19.17,"BOT","07FE00E5637011E5B83800FF59FBB323"
"","Blue Marlin","3E01825B636311E5B83800FF59FBB323",380.00,"KG","07FEACFB637011E5B83800FF59FBB323"
"","Boneless Bangus","3E01825B636311E5B83800FF59FBB323",173.00,"KG","07FF6BB4637011E5B83800FF59FBB323"
"","Cream Dory","3E01825B636311E5B83800FF59FBB323",105.00,"KG","08004374637011E5B83800FF59FBB323"
"","Fish Fillet","3E01825B636311E5B83800FF59FBB323",105.00,"KG","0800EDBA637011E5B83800FF59FBB323"
"","Gindara","3E01825B636311E5B83800FF59FBB323",180.00,"KG","080190F2637011E5B83800FF59FBB323"
"","Lapu-Lapu Head","3E01825B636311E5B83800FF59FBB323",380.00,"KG","08025673637011E5B83800FF59FBB323"
"","Lumot","3E01825B636311E5B83800FF59FBB323",120.00,"KG","08031579637011E5B83800FF59FBB323"
"","Salmon Belly","3E01825B636311E5B83800FF59FBB323",260.00,"KG","0803C11C637011E5B83800FF59FBB323"
"","Salmon Fillet","3E01825B636311E5B83800FF59FBB323",580.00,"KG","08046607637011E5B83800FF59FBB323"
"","Salmon Head","3E01825B636311E5B83800FF59FBB323",115.00,"KG","080547C1637011E5B83800FF59FBB323"
"","Tanduay Ice Blue","3E13F8A9636311E5B83800FF59FBB323",18.75,"BOT","0805F5DD637011E5B83800FF59FBB323"
"","Squid Ring","3E01825B636311E5B83800FF59FBB323",210.00,"KG","080699C5637011E5B83800FF59FBB323"
"","Squid Tubes","3E01825B636311E5B83800FF59FBB323",190.00,"KG","0807506C637011E5B83800FF59FBB323"
"","Tanigue","3E01825B636311E5B83800FF59FBB323",370.00,"KG","08081419637011E5B83800FF59FBB323"
"","Tilapia","3E01825B636311E5B83800FF59FBB323",110.00,"KG","0808BD17637011E5B83800FF59FBB323"
"","Tuna Belly","3E01825B636311E5B83800FF59FBB323",300.00,"KG","080965EB637011E5B83800FF59FBB323"
"","Tuna Loin","3E01825B636311E5B83800FF59FBB323",450.00,"KG","080A4083637011E5B83800FF59FBB323"
"","Tuna Panga","3E01825B636311E5B83800FF59FBB323",110.00,"KG","080AF3D4637011E5B83800FF59FBB323"
"","Tuna Tail","3E01825B636311E5B83800FF59FBB323",140.00,"KG","080BA43F637011E5B83800FF59FBB323"
"","Alamang","3E026572636311E5B83800FF59FBB323",60.00,"KG","080C10DC637011E5B83800FF59FBB323"
"","Cajun Shrimp","3E026572636311E5B83800FF59FBB323",550.00,"KG","080C9DDA637011E5B83800FF59FBB323"
"","Tanduay Ice Magnum","3E13F8A9636311E5B83800FF59FBB323",8.75,"BOT","080D13F5637011E5B83800FF59FBB323"
"","Clams","3E026572636311E5B83800FF59FBB323",95.00,"KG","080D8170637011E5B83800FF59FBB323"
"","Crablets","3E026572636311E5B83800FF59FBB323",150.00,"KG","080DE8CB637011E5B83800FF59FBB323"
"","Gambas","3E026572636311E5B83800FF59FBB323",520.00,"KG","080E4E76637011E5B83800FF59FBB323"
"","Imported Clams","3E026572636311E5B83800FF59FBB323",180.00,"KG","080EC406637011E5B83800FF59FBB323"
"","Mussels","3E026572636311E5B83800FF59FBB323",105.00,"KG","080F4DF0637011E5B83800FF59FBB323"
"","Oyster","3E026572636311E5B83800FF59FBB323",0.32,"GRMS","080FC604637011E5B83800FF59FBB323"
"","Prawns","3E026572636311E5B83800FF59FBB323",600.00,"KG","08103247637011E5B83800FF59FBB323"
"","Scallops","3E026572636311E5B83800FF59FBB323",280.00,"KG","0810924A637011E5B83800FF59FBB323"
"","Squid Balls","3E026572636311E5B83800FF59FBB323",1.14,"PC","0810EB00637011E5B83800FF59FBB323"
"","Suahe","3E026572636311E5B83800FF59FBB323",400.00,"KG","08115C2B637011E5B83800FF59FBB323"
"","Tanduay Ice Pink","3E13F8A9636311E5B83800FF59FBB323",18.75,"BOT","0811C8DD637011E5B83800FF59FBB323"
"","Tagunton","3E026572636311E5B83800FF59FBB323",250.00,"KG","081227F9637011E5B83800FF59FBB323"
"","Hot Sauce","3E02EBE9636311E5B83800FF59FBB323",393.16,"LT","08128307637011E5B83800FF59FBB323"
"","Seasoning","3E02EBE9636311E5B83800FF59FBB323",162.76,"LT","0812DC2D637011E5B83800FF59FBB323"
"","Security Service","3E04087E636311E5B83800FF59FBB323",999.99,"TRAN","081335A4637011E5B83800FF59FBB323"
"","Additional Fund","3E050405636311E5B83800FF59FBB323",0.00,"TRAN","08138DD7637011E5B83800FF59FBB323"
"","Annual Advertisement","3E050405636311E5B83800FF59FBB323",0.00,"TRANS","0819FB0A637011E5B83800FF59FBB323"
"","Construction Bond","3E050405636311E5B83800FF59FBB323",0.00,"TRANS","081AFD31637011E5B83800FF59FBB323"
"","Early Closed Penalty","3E050405636311E5B83800FF59FBB323",0.00,"TRANS","081BF2A1637011E5B83800FF59FBB323"
"","Late Closure Penalty","3E050405636311E5B83800FF59FBB323",0.00,"TRANS","081CDEB3637011E5B83800FF59FBB323"
"","Late Opening Penalty","3E050405636311E5B83800FF59FBB323",0.00,"TRANS","081DC277637011E5B83800FF59FBB323"
"","Tanduay Ice Red","3E13F8A9636311E5B83800FF59FBB323",18.75,"BOT","081E76AE637011E5B83800FF59FBB323"
"","Overtime Charges","3E050405636311E5B83800FF59FBB323",0.00,"TRANS","081F0EEE637011E5B83800FF59FBB323"
"","Security Deposit","3E050405636311E5B83800FF59FBB323",0.00,"TRANS","081FA1BE637011E5B83800FF59FBB323"
"","Space Leased","3E050405636311E5B83800FF59FBB323",999.99,"TRAN","082033F2637011E5B83800FF59FBB323"
"","Bathroom Tissue","3E06AE06636311E5B83800FF59FBB323",30.00,"PACK","0820D7D2637011E5B83800FF59FBB323"
"","Table Napkin","3E06AE06636311E5B83800FF59FBB323",0.09,"PC","08216D1A637011E5B83800FF59FBB323"
"","BIR","3E0598CE636311E5B83800FF59FBB323",999.99,"TRAN","08220474637011E5B83800FF59FBB323"
"","City Hall","3E0598CE636311E5B83800FF59FBB323",999.99,"TRAN","0822983A637011E5B83800FF59FBB323"
"","Documentary Stamp","3E0598CE636311E5B83800FF59FBB323",0.00,"TRAN","082332BD637011E5B83800FF59FBB323"
"","Insurance","3E0598CE636311E5B83800FF59FBB323",0.00,"TRAN","0823C79E637011E5B83800FF59FBB323"
"","Taxes & Licenses","3E0598CE636311E5B83800FF59FBB323",999.99,"TRAN","08245F04637011E5B83800FF59FBB323"
"","Tanduay Ice Yellow","3E13F8A9636311E5B83800FF59FBB323",18.75,"BOT","0824F2AA637011E5B83800FF59FBB323"
"","Telecom","3E06248C636311E5B83800FF59FBB323",999.99,"TRAN","08258ACD637011E5B83800FF59FBB323"
"","Paper Towel","3E06AE06636311E5B83800FF59FBB323",28.00,"PACK","08261D78637011E5B83800FF59FBB323"
"","Bagger","3E09FF0D636311E5B83800FF59FBB323",20.00,"TRAN","0826B566637011E5B83800FF59FBB323"
"","Diesel","3E09FF0D636311E5B83800FF59FBB323",25.00,"TRAN","08274351637011E5B83800FF59FBB323"
"","Parking Fee","3E09FF0D636311E5B83800FF59FBB323",30.00,"TRAN","0827D089637011E5B83800FF59FBB323"
"","Tollgate","3E09FF0D636311E5B83800FF59FBB323",24.00,"TRAN","08286214637011E5B83800FF59FBB323"
"","Transpo","3E09FF0D636311E5B83800FF59FBB323",22.00,"TRAN","08290977637011E5B83800FF59FBB323"
"","Ampalaya","3E0A7F70636311E5B83800FF59FBB323",65.00,"KG","08299F8D637011E5B83800FF59FBB323"
"","Asparagus","3E0A7F70636311E5B83800FF59FBB323",40.00,"KG","082A3194637011E5B83800FF59FBB323"
"","Baguio Beans","3E0A7F70636311E5B83800FF59FBB323",70.00,"KG","082ABC4B637011E5B83800FF59FBB323"
"","Marlboro Black","3E0380D3636311E5B83800FF59FBB323",50.10,"PACK","082B4B46637011E5B83800FF59FBB323"
"","Vodka Cruiser Blue.","3E13F8A9636311E5B83800FF59FBB323",50.00,"BOT","082BCC5D637011E5B83800FF59FBB323"
"","Basil Leaves","3E0A7F70636311E5B83800FF59FBB323",5.28,"GRMS","082C377D637011E5B83800FF59FBB323"
"","Beans","3E0A7F70636311E5B83800FF59FBB323",50.00,"KG","082CA39B637011E5B83800FF59FBB323"
"","Broccoli","3E0A7F70636311E5B83800FF59FBB323",260.00,"KG","082D0CD1637011E5B83800FF59FBB323"
"","Cabbage","3E0A7F70636311E5B83800FF59FBB323",70.00,"KG","082D6F37637011E5B83800FF59FBB323"
"","Calamansi","3E0A7F70636311E5B83800FF59FBB323",35.00,"KG","082DD03D637011E5B83800FF59FBB323"
"","Carrots","3E0A7F70636311E5B83800FF59FBB323",100.00,"KG","082E33FC637011E5B83800FF59FBB323"
"","Cauliflower","3E0A7F70636311E5B83800FF59FBB323",180.00,"KG","082E9993637011E5B83800FF59FBB323"
"","Celery","3E0A7F70636311E5B83800FF59FBB323",100.00,"KG","082EFB65637011E5B83800FF59FBB323"
"","Cilantro","3E0A7F70636311E5B83800FF59FBB323",0.00,"KG","082F7ADE637011E5B83800FF59FBB323"
"","Corn (Fresh)","3E0A7F70636311E5B83800FF59FBB323",40.00,"KG","082FE01B637011E5B83800FF59FBB323"
"","Vodka Cruiser Rasp.","3E13F8A9636311E5B83800FF59FBB323",50.00,"BOT","0830421A637011E5B83800FF59FBB323"
"","Cucumber","3E0A7F70636311E5B83800FF59FBB323",50.00,"KG","0830AB5D637011E5B83800FF59FBB323"
"","Dried Mushroom","3E0A7F70636311E5B83800FF59FBB323",536.67,"KG","0831129F637011E5B83800FF59FBB323"
"","Eggplant","3E0A7F70636311E5B83800FF59FBB323",50.00,"KG","083174F5637011E5B83800FF59FBB323"
"","Fresh Mushroom","3E0A7F70636311E5B83800FF59FBB323",129.00,"KG","0831DCDF637011E5B83800FF59FBB323"
"","Fresh Peanuts","3E0A7F70636311E5B83800FF59FBB323",120.00,"KG","083242EE637011E5B83800FF59FBB323"
"","Gabi Leaves","3E0A7F70636311E5B83800FF59FBB323",30.00,"KG","0832A8A5637011E5B83800FF59FBB323"
"","Garlic","3E0A7F70636311E5B83800FF59FBB323",90.00,"KG","08330B9F637011E5B83800FF59FBB323"
"","Ginger","3E0A7F70636311E5B83800FF59FBB323",150.00,"KG","08336E1E637011E5B83800FF59FBB323"
"","Green Bell Pepper","3E0A7F70636311E5B83800FF59FBB323",200.00,"KG","0833D1BC637011E5B83800FF59FBB323"
"","Heart Of Romain","3E0A7F70636311E5B83800FF59FBB323",60.00,"KG","083871E0637011E5B83800FF59FBB323"
"","Vodka Ice","3E13F8A9636311E5B83800FF59FBB323",75.00,"BOT","0838E62B637011E5B83800FF59FBB323"
"","Hot Pepper Leaves","3E0A7F70636311E5B83800FF59FBB323",60.00,"KG","083986A9637011E5B83800FF59FBB323"
"","Kangkong","3E0A7F70636311E5B83800FF59FBB323",33.33,"KG","083A3311637011E5B83800FF59FBB323"
"","Kinchay","3E0A7F70636311E5B83800FF59FBB323",200.00,"KG","0858A1AD637011E5B83800FF59FBB323"
"","Lettuce","3E0A7F70636311E5B83800FF59FBB323",100.00,"KG","085B71FE637011E5B83800FF59FBB323"
"","Mint Leaves","3E0A7F70636311E5B83800FF59FBB323",200.00,"KG","085C8AD7637011E5B83800FF59FBB323"
"","Miso","3E0A7F70636311E5B83800FF59FBB323",20.00,"KG","085D9A45637011E5B83800FF59FBB323"
"","Mixed Vegetables","3E0A7F70636311E5B83800FF59FBB323",45.00,"KG","085ED8A3637011E5B83800FF59FBB323"
"","Mustasa","3E0A7F70636311E5B83800FF59FBB323",105.10,"KG","085FF245637011E5B83800FF59FBB323"
"","Niyog","3E0A7F70636311E5B83800FF59FBB323",25.00,"PC","086103BC637011E5B83800FF59FBB323"
"","Okra","3E0A7F70636311E5B83800FF59FBB323",59.00,"KG","086215CC637011E5B83800FF59FBB323"
"","Apricot Brandy","3DB3F09F636311E5B83800FF59FBB323",5.40,"SHOT","0862EB3D637011E5B83800FF59FBB323"
"","Onion Leeks","3E0A7F70636311E5B83800FF59FBB323",80.00,"KG","08638FBE637011E5B83800FF59FBB323"
"","Onion Red","3E0A7F70636311E5B83800FF59FBB323",60.00,"KG","086435B3637011E5B83800FF59FBB323"
"","Onion White","3E0A7F70636311E5B83800FF59FBB323",45.00,"KG","0864DBF7637011E5B83800FF59FBB323"
"","Pandan Leaves","3E0A7F70636311E5B83800FF59FBB323",100.00,"KG","086A879B637011E5B83800FF59FBB323"
"","Papaya","3E0A7F70636311E5B83800FF59FBB323",25.00,"KG","086C3F3A637011E5B83800FF59FBB323"
"","Parsley","3E0A7F70636311E5B83800FF59FBB323",820.83,"KG","086CB658637011E5B83800FF59FBB323"
"","Pechay Tagalog","3E0A7F70636311E5B83800FF59FBB323",60.00,"KG","086D251B637011E5B83800FF59FBB323"
"","Potato","3E0A7F70636311E5B83800FF59FBB323",50.00,"KG","08720FE1637011E5B83800FF59FBB323"
"","Puso ng Saging","3E0A7F70636311E5B83800FF59FBB323",40.00,"KG","087319A2637011E5B83800FF59FBB323"
"","Raddish","3E0A7F70636311E5B83800FF59FBB323",60.00,"KG","0875A9CE637011E5B83800FF59FBB323"
"","Carlos 1 700ml","3DB3F09F636311E5B83800FF59FBB323",41.30,"SHOT","08769E81637011E5B83800FF59FBB323"
"","Red Beans","3E0A7F70636311E5B83800FF59FBB323",180.00,"KG","0877A4E8637011E5B83800FF59FBB323"
"","Red Bell Pepper","3E0A7F70636311E5B83800FF59FBB323",200.00,"KG","08789AC6637011E5B83800FF59FBB323"
"","Saba","3E0A7F70636311E5B83800FF59FBB323",5.00,"PC","0880A17A637011E5B83800FF59FBB323"
"","Sili Labuyo","3E0A7F70636311E5B83800FF59FBB323",400.00,"KG","0888BF9C637011E5B83800FF59FBB323"
"","Sili Sigang","3E0A7F70636311E5B83800FF59FBB323",120.00,"KG","088DD22F637011E5B83800FF59FBB323"
"","Sitsaro","3E0A7F70636311E5B83800FF59FBB323",150.00,"KG","088FBF03637011E5B83800FF59FBB323"
"","Spinach","3E0A7F70636311E5B83800FF59FBB323",100.00,"KG","08956D65637011E5B83800FF59FBB323"
"","Spring Onion","3E0A7F70636311E5B83800FF59FBB323",164.21,"KG","0896452E637011E5B83800FF59FBB323"
"","Squash","3E0A7F70636311E5B83800FF59FBB323",35.00,"KG","0896EFEB637011E5B83800FF59FBB323"
"","String Beans","3E0A7F70636311E5B83800FF59FBB323",25.00,"KG","0897B042637011E5B83800FF59FBB323"
"","Carlos 1 Liter","3DB3F09F636311E5B83800FF59FBB323",42.12,"SHOT","089A2EEF637011E5B83800FF59FBB323"
"","Sweet Peas","3E0A7F70636311E5B83800FF59FBB323",130.50,"KG","089C1597637011E5B83800FF59FBB323"
"","Tanglad","3E0A7F70636311E5B83800FF59FBB323",50.00,"KG","089D30AA637011E5B83800FF59FBB323"
"","Toge","3E0A7F70636311E5B83800FF59FBB323",40.00,"KG","089F4120637011E5B83800FF59FBB323"
"","Tokwa","3E0A7F70636311E5B83800FF59FBB323",4.00,"PC","08A06D09637011E5B83800FF59FBB323"
"","Tomato","3E0A7F70636311E5B83800FF59FBB323",40.00,"KG","08A2A858637011E5B83800FF59FBB323"
"","Ubod","3E0A7F70636311E5B83800FF59FBB323",50.00,"KG","08A342B6637011E5B83800FF59FBB323"
"","Winged Bean","3E0A7F70636311E5B83800FF59FBB323",70.00,"KG","08A507E6637011E5B83800FF59FBB323"
"","Young Corn","3E0A7F70636311E5B83800FF59FBB323",100.00,"KG","08A729DB637011E5B83800FF59FBB323"
"","Water Bill","3E0B12C0636311E5B83800FF59FBB323",999.99,"TRAN","08A9735B637011E5B83800FF59FBB323"
"","Fundador Exclu Liter","3DB3F09F636311E5B83800FF59FBB323",26.09,"SHOT","08ABA9CF637011E5B83800FF59FBB323"
"","Fundador Exclu Reg","3DB3F09F636311E5B83800FF59FBB323",64.35,"SHOT","08AC4166637011E5B83800FF59FBB323"
"","Fundador Gold Reg","3DB3F09F636311E5B83800FF59FBB323",26.09,"SHOT","08ACF8EB637011E5B83800FF59FBB323"
"","Fundador Liter","3DB3F09F636311E5B83800FF59FBB323",15.76,"SHOT","08ADA1A3637011E5B83800FF59FBB323"
"","Marlboro Black 10's","3E0380D3636311E5B83800FF59FBB323",28.35,"PACK","08AE3817637011E5B83800FF59FBB323"
"","Fundador Regular","3DB3F09F636311E5B83800FF59FBB323",16.09,"SHOT","08AEE4BD637011E5B83800FF59FBB323"
"","Henessy VSOP","3DB3F09F636311E5B83800FF59FBB323",89.40,"SHOT","08AF9860637011E5B83800FF59FBB323"
"","Henessy XO","3DB3F09F636311E5B83800FF59FBB323",326.09,"SHOT","08B03B4A637011E5B83800FF59FBB323"
"","Local Brandy","3DB3F09F636311E5B83800FF59FBB323",0.00,"SHOT","08B0B50D637011E5B83800FF59FBB323"
"","Remy Martin VSOP","3DB3F09F636311E5B83800FF59FBB323",84.78,"SHOT","08B1140D637011E5B83800FF59FBB323"
"","Remy Martin XO","3DB3F09F636311E5B83800FF59FBB323",198.00,"SHOT","08B16DF4637011E5B83800FF59FBB323"
"","Local Gin","3DB74BFE636311E5B83800FF59FBB323",9.13,"SHOT","08B1E6C9637011E5B83800FF59FBB323"
"","Tanqueray","3DB74BFE636311E5B83800FF59FBB323",31.60,"SHOT","08B241FC637011E5B83800FF59FBB323"
"","Amaretto","3DB878BD636311E5B83800FF59FBB323",6.60,"SHOT","08B2A946637011E5B83800FF59FBB323"
"","Baileys Liter","3DB878BD636311E5B83800FF59FBB323",23.20,"SHOT","08B30330637011E5B83800FF59FBB323"
"","Marlboro Lights 10's","3E0380D3636311E5B83800FF59FBB323",27.80,"PACK","08B35BCE637011E5B83800FF59FBB323"
"","Baileys Regular","3DB878BD636311E5B83800FF59FBB323",36.96,"SHOT","08B3D46E637011E5B83800FF59FBB323"
"","Cointreau","3DB878BD636311E5B83800FF59FBB323",39.60,"SHOT","08B43733637011E5B83800FF59FBB323"
"","GoldSchlager","3DB878BD636311E5B83800FF59FBB323",0.00,"SHOT","08B4908A637011E5B83800FF59FBB323"
"","Kahlua","3DB878BD636311E5B83800FF59FBB323",25.22,"SHOT","08B4EC44637011E5B83800FF59FBB323"
"","Triple Sec","3DB878BD636311E5B83800FF59FBB323",7.40,"SHOT","08B54990637011E5B83800FF59FBB323"
"","Lime Juice","3DBAA482636311E5B83800FF59FBB323",3.26,"SHOT","08B5A769637011E5B83800FF59FBB323"
"","Blue Curacao","3DBB8E18636311E5B83800FF59FBB323",6.60,"SHOT","08B601EF637011E5B83800FF59FBB323"
"","Cali 10","3DBB8E18636311E5B83800FF59FBB323",14.50,"BOT","08B65B77637011E5B83800FF59FBB323"
"","Cali Ice","3DBB8E18636311E5B83800FF59FBB323",17.79,"BOT","08B6B824637011E5B83800FF59FBB323"
"","Cali Shandy","3DBB8E18636311E5B83800FF59FBB323",17.79,"BOT","08B71B09637011E5B83800FF59FBB323"
"","Marlboro Lights Loc.","3E0380D3636311E5B83800FF59FBB323",53.60,"PACK","08B772AC637011E5B83800FF59FBB323"
"","Coffee","3DBB8E18636311E5B83800FF59FBB323",1.95,"SACHET","08B7CB77637011E5B83800FF59FBB323"
"","Grenadine","3DBB8E18636311E5B83800FF59FBB323",6.87,"SHOT","08B82358637011E5B83800FF59FBB323"
"","Bacardi Gold","3DC0D919636311E5B83800FF59FBB323",11.40,"SHOT","08B879A3637011E5B83800FF59FBB323"
"","Bacardi Light Rhum","3DC0D919636311E5B83800FF59FBB323",10.00,"SHOT","08B8F863637011E5B83800FF59FBB323"
"","Local Rhum","3DC0D919636311E5B83800FF59FBB323",3.40,"SHOT","08B953E4637011E5B83800FF59FBB323"
"","Malibu","3DC0D919636311E5B83800FF59FBB323",23.60,"SHOT","08B9AECD637011E5B83800FF59FBB323"
"","7-UP 500ml","3DC1FC28636311E5B83800FF59FBB323",12.50,"BOT","08BA0B96637011E5B83800FF59FBB323"
"","7-Up","3DC1FC28636311E5B83800FF59FBB323",20.50,"CAN","08BA6275637011E5B83800FF59FBB323"
"","7-Up Light","3DC1FC28636311E5B83800FF59FBB323",18.00,"CAN","08BABBC7637011E5B83800FF59FBB323"
"","Coke","3DC1FC28636311E5B83800FF59FBB323",41.95,"CAN","08BB1492637011E5B83800FF59FBB323"
"","Marlboro Menthol","3E0380D3636311E5B83800FF59FBB323",53.60,"PACK","08BB6C5B637011E5B83800FF59FBB323"
"","Coke 500ml","3DC1FC28636311E5B83800FF59FBB323",14.90,"BOT","08BBC5B1637011E5B83800FF59FBB323"
"","Coke Light","3DC1FC28636311E5B83800FF59FBB323",21.33,"CAN","08BC21A1637011E5B83800FF59FBB323"
"","Coke Zero","3DC1FC28636311E5B83800FF59FBB323",44.50,"CAN","08BC7DDB637011E5B83800FF59FBB323"
"","Coke Zero 500ml","3DC1FC28636311E5B83800FF59FBB323",20.83,"BOT","08BCD63B637011E5B83800FF59FBB323"
"","Gatorade Blue","3DC1FC28636311E5B83800FF59FBB323",28.00,"BOT","08BD2EDD637011E5B83800FF59FBB323"
"","Gatorade Grapes","3DC1FC28636311E5B83800FF59FBB323",28.00,"BOT","08BD8844637011E5B83800FF59FBB323"
"","Gatorade Lemon","3DC1FC28636311E5B83800FF59FBB323",28.00,"BOT","08BDE48E637011E5B83800FF59FBB323"
"","Gatorade Orange","3DC1FC28636311E5B83800FF59FBB323",28.00,"BOT","08BE401B637011E5B83800FF59FBB323"
"","Gatorade Pink","3DC1FC28636311E5B83800FF59FBB323",28.00,"BOT","08BE97FC637011E5B83800FF59FBB323"
"","Gatorade Tropical","3DC1FC28636311E5B83800FF59FBB323",28.00,"BOT","08BEEB6C637011E5B83800FF59FBB323"
